year,transactions,investment,revenue,profit,profit_margin_percentage,roi_percentage
2017,54659,189063.95292000787,563609.3410997529,574592.249999487,101.94867403693193,303.9142264430462
2018,44368,181466.829450008,512427.2998944277,516497.68090864265,100.79433336495802,284.6237422420673
